"Firstname","Lastname","Street","City"
"Maria","Andersson","Adolf Fredriks Kyrkogata","Alingsås"
"Elisabeth","Johansson","Af Pontins Väg","Arboga"
"Anna","Karlsson","Ahlsellvägen","Arvika"
"Kristina","Nilsson","Akademigränd","Askersund"
"Margareta","Eriksson","Aktergatan","Avaskär"
"Eva","Larsson","Allhelgonagatan","Avesta"
"Linnéa","Olsson","Allmänna Gränd","Boden"
"Karin","Persson","Almlöfsgatan","Bollnäs"
"Birgitta","Svensson","Alsnögatan","Borgholm"
"Marie","Gustafsson","Alstaviksvägen","Borlänge"
"Ingrid","Pettersson","Alströmergatan","Borås"
"Sofia","Jonsson","Aluddsparken","Broo"
"Marianne","Jansson","Aluddsvägen","Brätte"
"Lena","Hansson","Amarantergränd","Båstad"
"Sara","Bengtsson","Amiralitetsbacken","Djursholm"
"Helena","Jönsson","Anders Reimers Väg","Eksjö"
"Kerstin","Lindberg","Andra Bassängvägen","Elleholm"
"Emma","Jakobsson","Andra Tvärvägen","Enköping"
"Katarina","Magnusson","Andréegatan","Eskilstuna"
"Johanna","Olofsson","Ankargränd","Eslöv"
"Viktoria","Lindström","Ansgariegatan","Fagersta"
"Inger","Lindqvist","Apelbergsgatan","Falkenberg"
"Cecilia","Lindgren","Arbetargatan","Falköping"
"Susanne","Berg","Arkivgatan","Falsterbo"
"Elin","Axelsson","Armfeltsgatan","Falun"
"Monica","Bergström","Arsenalsgatan","Filipstad"
"Therese","Lundberg","Artemisgatan","Flen"
"Jenny","Lind","Artillerigatan","Getakärr"
"Hanna","Lundgren","Askrikegatan","Gränna"
"Louise","Lundqvist","Assessorsgatan","Gåsekil"
"Anita","Mattsson","Atlasgatan","Gävle"
"Carina","Berglund","Atlasmuren","Göteborg"
"Irene","Fredriksson","Atterbomsvägen","Hagfors"
"Ann","Sandberg","Babordsgatan","Halmstad"
"Ida","Henriksson","Badstrandsvägen","Haparanda"
"Linda","Forsberg","Baggensgatan","Hedemora"
"Helen","Sjöberg","Baldersgatan","Helsingborg"
"Gunilla","Ali","Baltzar Von Platens Gata","Hjo"
"Ulla","Wallin","Banbrinken","Hudiksvall"
"Viola","Mohamed","Banérgatan","Huskvarna"
"Malin","Engström","Barnhusgatan","Härnösand"
"Annika","Eklund","Barnängs Tvärgränd","Hässleholm"
"Elsa","Danielsson","Barnängsgatan","Hästholmen"
"Ingegerd","Lundin","Barnängsgränd","Höganäs"
"Matilda","Håkansson","Bastugatan","Järle (Jerle)"
"Josefin","Björk","Beckbrännarbacken","Jönköping"
"Ulrika","Bergman","Beckholmen","Kalmar"
"Sofie","Gunnarsson","Beckholmsvägen","Karl Johans stad"
"Anette","Holm","Bedoirsgränd","Karlshamn"
"Alice","Wikström","Bellevuevägen","Karlskoga"
"Julia","Samuelsson","Bellmansgatan","Karlskrona"
"Astrid","Isaksson","Bengt Ekehjelmsgatan","Karlstad"
"Caroline","Fransson","Bergsgatan","Katrineholm"
"Anneli","Bergqvist","Bergsgränd","Kiruna"
"Emelie","Nyström","Bergsjölundsvägen","Kongahälla"
"Kristin","Holmberg","Bergsmarksvägen","Kramfors"
"Barbro","Arvidsson","Bergsprängargränd","Kristianopel"
"Karolina","Löfgren","Bergsunds Strand","Kristianstad"
"Lisa","Söderberg","Bergsundsgatan","Kristinehamn"
"Amanda","Nyberg","Beridarbansgatan","Kumla"
"Åsa","Blomqvist","Beridarebanan","Kungsbacka"
"Camilla","Claesson","Bertil Ohlins Gata","Kungälv"
"Madeleine","Nordström","Berzelii Park","Köping"
"Lovisa","Ahmed","Biblioteksgatan","Laholm"
"Siv","Mårtensson","Bigarråvägen","Landskrona"
"Erika","Lundström","Birger Jarls Torg","Lidingö"
"Yvonne","Hassan","Birger Jarlsgatan","Lidköping"
"Agneta","Viklund","Birger Sjöbergs Väg","Lindesberg"
"Maja","Björklund","Birkagatan","Linköping"
"Charlotte","Eliasson","Biskopsvägen","Ljungby"
"Rut","Pålsson","Bjurholmsgatan","Lomma"
"Britt","Berggren","Bjurholmsplan","Ludvika"
"Sandra","Sandström","Björngårdsgatan","Luleå"
"Rebecca","Lund","Björnnäsbacken","Lund"
"Gun","Nordin","Björnnäsvägen","Luntertun"
"Isabelle","Ström","Björns Trädgårdsgränd","Lycksele"
"Alexandra","Åberg","Blanchegatan","Lyckå"
"Frida","Falk","Blasieholmsgatan","Lysekil"
"Ellinor","Ekström","Blasieholmstorg","Lödöse"
"Ebba","Hermansson","Blecktornsbrinken","Malmö"
"Emilia","Holmgren","Blecktornsgränd","Mariefred"
"Jessica","Hellström","Blecktornsstigen","Mariestad"
"Ellen","Dahlberg","Blekegatan","Marstrand"
"Berit","Hedlund","Blekholmsgatan","Mjölby"
"Klara","Sundberg","Blekholmsterrassen","Motala"
"Olivia","Sjögren","Blekholmstorget","Mölndal"
"Märta","Ek","Blekingegatan","Mönsterås"
"Charlotta","Blom","Blockhusringen","Nacka"
"Ann-Marie","Abrahamsson","Blommensbergsvägen","Nora"
"Agnes","Martinsson","Bo Bergmans Gata","Norrköping"
"Inga","Öberg","Bohusgatan","Norrtälje"
"Sonja","Andreasson","Bolinders Plan","Nya Lidköping"
"Ann-Christin","Strömberg","Bollhusgränd","Nya Lödöse"
"Pia","Månsson","Bondegatan","Ny Varberg"
"Maj","Hansen","Bondesonsgatan","Nybro"
"Felicia","Åkesson","Borgargatan","Nyköping"
"Ella","Dahl","Borgmästargatan","Nynäshamn"
"Mona","Lindholm","Borgvägen","Nässjö"
"Nathalie","Norberg","Bragevägen","Oskarshamn"
"Lisbeth","Holmqvist","Brahegatan","Oxelösund"
"Ingrid","Andersson","Brantingsgatan","Piteå"
"Sofia","Johansson","Breda Gatan","Ronneby"
"Marianne","Karlsson","Bredgränd","Sala"
"Lena","Nilsson","Breitenfeldsgatan","Sandviken"
"Sara","Eriksson","Brinellvägen","Sigtuna"
"Helena","Larsson","Brunbärsvägen","Simrishamn"
"Kerstin","Olsson","Brunkebergsgatan","Skanör"
"Emma","Persson","Brunkebergstorg","Skanör med Falsterbo"
"Katarina","Svensson","Brunnsgatan","Skara"
"Johanna","Gustafsson","Brunnsgränd","Skellefteå"
"Viktoria","Pettersson","Brunnsviksvägen","Skänninge"
"Inger","Jonsson","Bryggargatan","Skövde"
"Cecilia","Jansson","Bryggvägen","Sollefteå"
"Susanne","Hansson","Bråvallagatan","Solna"
"Elin","Bengtsson","Brännerigatan","Stockholm"
"Monica","Jönsson","Brännkyrkagatan","Strängnäs"
"Therese","Lindberg","Buteljgatan","Strömstad"
"Jenny","Jakobsson","Bysistorget","Stäket"
"Hanna","Magnusson","Båtbyggargatan","Sundbyberg"
"Louise","Olofsson","Bältgatan","Sundsvall"
"Anita","Lindström","Böttigervägen","Säffle"
"Carina","Lindqvist","Cardellgatan","Säter"
"Irene","Lindgren","Carl Akrells Gata","Sävsjö"
"Ann","Berg","Carl Alberts Gränd","Söderhamn"
"Ida","Axelsson","Carl-Gustaf Lindstedts Gata","Söderköping"
"Linda","Bergström","Cedersdalsgatan","Södertälje"
"Helen","Lundberg","Celsiusgatan","Sölvesborg"
"Gunilla","Lind","Centralplan","Tidaholm"
"Ulla","Lundgren","Chapmansgatan","Torget"
"Viola","Lundqvist","Chapmansgården","Torshälla"
"Malin","Mattsson","Coldinutrappan","Tranås"
"Annika","Berglund","Crafoords Väg","Trelleborg"
"Elsa","Fredriksson","Creutzgatan","Trollhättan"
"Ingegerd","Sandberg","Dag Hammarskjölds Väg","Trosa"
"Matilda","Henriksson","Dalagatan","Tumathorp"
"Josefin","Forsberg","Dalslandsgatan","Uddevalla"
"Ulrika","Sjöberg","Danderydsgatan","Ulricehamn"
"Sofie","Ali","Dannemoragatan","Umeå"
"Anette","Wallin","David Bagares Gata","Uppsala"
"Alice","Mohamed","De Geersgatan","Vadstena"
"Julia","Engström","Dianavägen","Varberg"
"Astrid","Eklund","Didrik Ficks Gränd","Vaxholm"
"Caroline","Danielsson","Disponentgatan","Vetlanda"
"Anneli","Lundin","Djurgårdsbrunnsvägen","Vimmerby"
"Emelie","Håkansson","Djurgårdsslätten","Visby"
"Kristin","Björk","Djurgårdsvägen","Vä"
"Barbro","Bergman","Doktor Abelins Gata","Vänersborg"
"Karolina","Gunnarsson","Drakenbergsgatan","Värnamo"
"Lisa","Holm","Drakens Gränd","Västervik"
"Amanda","Wikström","Drejargatan","Västerås"
"Åsa","Samuelsson","Drottning Kristinas Väg","Växjö"
"Camilla","Isaksson","Drottning Sofias Väg","Ystad"
"Madeleine","Fransson","Drottninggatan","Åhus"
"Lovisa","Bergqvist","Drottningholmsvägen","Åmål"
"Siv","Nyström","Drottninghusgränd","Älvsborg"
"Erika","Holmberg","Duvnäsgatan","Ängelholm"
"Yvonne","Arvidsson","Döbelnsgatan","Örebro"
"Agneta","Löfgren","Dörjgränd","Öregrund"
"Maja","Söderberg","Ehrensvärdsgatan","Örnsköldsvik"
"Charlotte","Nyberg","Ekehjelmstorget","Östersund"
"Rut","Blomqvist","Ekensbergsbryggan","Östhammar"
"Britt","Claesson","Ekensbergsvägen","Alingsås"
"Sandra","Nordström","Ekermans Gränd","Arboga"
"Rebecca","Ahmed","Eknäsvägen","Arvika"
"Gun","Mårtensson","Eldarvägen","Askersund"
"Isabelle","Lundström","Elersvägen","Avaskär"
"Alexandra","Hassan","Engelbrekts Kyrkogata","Avesta"
"Frida","Viklund","Engelbrektsgatan","Boden"
"Ellinor","Björklund","Engelbrektsplan","Bollnäs"
"Ebba","Eliasson","Ensittarvägen","Borgholm"
"Emilia","Pålsson","Eolsgatan","Borlänge"
"Jessica","Berggren","Eremitvägen","Borås"
"Ellen","Sandström","Erik Dahlbergsallén","Broo"
"Berit","Lund","Erik Dahlbergsgatan","Brätte"
"Klara","Nordin","Eriksbergsgatan","Båstad"
"Olivia","Ström","Eriksdalsgatan","Djursholm"
"Märta","Åberg","Ernst Ahlgrens Väg","Eksjö"
"Charlotta","Falk","Erstagatan","Elleholm"
"Ann-Marie","Ekström","Essinge Brogata","Enköping"
"Agnes","Hermansson","Essinge Högväg","Eskilstuna"
"Inga","Holmgren","Essinge Kyrkväg","Eslöv"
"Sonja","Hellström","Essingekroken","Fagersta"
"Ann-Christin","Dahlberg","Essingeringen","Falkenberg"
"Pia","Hedlund","Essingestråket","Falköping"
"Maj","Sundberg","Essingetorget","Falsterbo"
"Felicia","Sjögren","Exercisplan","Falun"
"Ella","Ek","Falkenbergsgatan","Filipstad"
"Mona","Blom","Falugatan","Flen"
"Nathalie","Abrahamsson","Fartygsgatan","Getakärr"
"Lisbeth","Martinsson","Fatburs Brunnsgata","Gränna"
"Maria","Öberg","Fatburs Kvarngata","Gåsekil"
"Elisabeth","Andreasson","Fatbursgatan","Gävle"
"Anna","Strömberg","Fatburstrappan","Göteborg"
"Kristina","Månsson","Ferkens Gränd","Hagfors"
"Margareta","Hansen","Finska Kyrkogränd","Halmstad"
"Eva","Åkesson","Fiskargatan","Haparanda"
"Linnéa","Dahl","Fiskartorpsvägen","Hedemora"
"Karin","Lindholm","Fisksjöängsvägen","Helsingborg"
"Birgitta","Norberg","Fjällgatan","Hjo"
"Marie","Holmqvist","Fjärde Bassängvägen","Hudiksvall"
"Ingrid","Andersson","Flaggmansvägen","Huskvarna"
"Sofia","Johansson","Fleminggatan","Härnösand"
"Marianne","Karlsson","Flintbacken","Hässleholm"
"Lena","Nilsson","Floragatan","Hästholmen"
"Sara","Eriksson","Flottbrovägen","Höganäs"
"Helena","Larsson","Folkskolegatan","Järle (Jerle)"
"Kerstin","Olsson","Folkungagatan","Jönköping"
"Emma","Persson","Folkungatrappan","Kalmar"
"Katarina","Svensson","Franzéngatan","Karl Johans stad"
"Johanna","Gustafsson","Fredhällsgatan","Karlshamn"
"Viktoria","Pettersson","Fredmansgatan","Karlskoga"
"Inger","Jonsson","Fredrik Bloms Väg","Karlskrona"
"Cecilia","Jansson","Fredriksdalsgatan","Karlstad"
"Susanne","Hansson","Fredrikshovsgatan","Katrineholm"
"Elin","Bengtsson","Fredsborgsgatan","Kiruna"
"Monica","Jönsson","Fredsborgstorget","Kongahälla"
"Therese","Lindberg","Fredsgatan","Kramfors"
"Jenny","Jakobsson","Fregattvägen","Kristianopel"
"Hanna","Magnusson","Frejgatan","Kristianstad"
"Louise","Olofsson","Fridhemsgatan","Kristinehamn"
"Anita","Lindström","Fridhemsplan","Kumla"
"Carina","Lindqvist","Friggagatan","Kungsbacka"
"Irene","Lindgren","Frihamnsgatan","Kungälv"
"Ann","Berg","Fryxellsgatan","Köping"
"Ida","Axelsson","Frödingsvägen","Laholm"
"Linda","Bergström","Funckens Gränd","Landskrona"
"Helen","Lundberg","Furusundsgatan","Lidingö"
"Gunilla","Lind","Fyrverkarbacken","Lidköping"
"Ulla","Lundgren","Fågelbärsgården","Lindesberg"
"Viola","Lundqvist","Fågelhundsgatan","Linköping"
"Malin","Mattsson","Fågelsångens Gårdsväg","Ljungby"
"Annika","Berglund","Fågelsångsvägen","Lomma"
"Elsa","Fredriksson","Färgargårdstorget","Ludvika"
"Ingegerd","Sandberg","Förmansvägen","Luleå"
"Matilda","Henriksson","Förskeppsgatan","Lund"
"Josefin","Forsberg","Första Bassängvägen","Luntertun"
"Ulrika","Sjöberg","Gaffelgränd","Lycksele"
"Sofie","Ali","Galärvarvsvägen","Lyckå"
"Anette","Wallin","Gambrinusgatan","Lysekil"
"Alice","Mohamed","Gamla Brogatan","Lödöse"
"Julia","Engström","Gamla Lundagatan","Malmö"
"Astrid","Eklund","Gammelgårdsgränd","Mariefred"
"Caroline","Danielsson","Gammelgårdsvägen","Mariestad"
"Anneli","Lundin","Garvar Lundins Gränd","Marstrand"
"Emelie","Håkansson","Garvargatan","Mjölby"
"Kristin","Björk","Gasverksvägen","Motala"
"Barbro","Bergman","Gaveliusgatan","Mölndal"
"Karolina","Gunnarsson","Geijersvägen","Mönsterås"
"Lisa","Holm","Gillögagatan","Nacka"
"Amanda","Wikström","Gjutargatan","Nora"
"Åsa","Samuelsson","Gjörwellsgatan","Norrköping"
"Camilla","Isaksson","Glasbruksgatan","Norrtälje"
"Madeleine","Fransson","Glödlampsgränd","Nya Lidköping"
"Lovisa","Bergqvist","Gotlandsgatan","Nya Lödöse"
"Siv","Nyström","Grenljusbacken","Ny Varberg"
"Erika","Holmberg","Grev Magnigatan","Nybro"
"Yvonne","Arvidsson","Grev Turegatan","Nyköping"
"Agneta","Löfgren","Greve Von Essens Väg","Nynäshamn"
"Maja","Söderberg","Grevgatan","Nässjö"
"Charlotte","Nyberg","Grevgränd","Oskarshamn"
"Rut","Blomqvist","Grindsgatan","Oxelösund"
"Britt","Claesson","Grubbens Gata","Piteå"
"Sandra","Nordström","Grubbensringen","Ronneby"
"Rebecca","Ahmed","Grubbenstorget","Sala"
"Gun","Mårtensson","Gruvbacken","Sandviken"
"Isabelle","Lundström","Grytgjutargången","Sigtuna"
"Alexandra","Hassan","Gräsgatan","Simrishamn"
"Frida","Viklund","Grönbrinksgatan","Skanör"
"Ellinor","Björklund","Gröndalshamnen","Skanör med Falsterbo"
"Ebba","Eliasson","Gröndalsvägen","Skara"
"Emilia","Pålsson","Gudöbroleden","Skellefteå"
"Jessica","Berggren","Guldgränd","Skänninge"
"Ellen","Sandström","Gumshornsgatan","Skövde"
"Berit","Lund","Gustav Adolfs Torg","Sollefteå"
"Klara","Nordin","Gyldéngatan","Solna"
"Olivia","Ström","Gyllenborgsgatan","Stockholm"
"Märta","Åberg","Gyllenstiernsgatan","Strängnäs"
"Charlotta","Falk","Gåsgränd","Strömstad"
"Ann-Marie","Ekström","Gärdesgatan","Stäket"
"Agnes","Hermansson","Gästrikegatan","Sundbyberg"
"Inga","Holmgren","Gävlegatan","Sundsvall"
"Sonja","Hellström","Göran Hälsinges Gränd","Säffle"
"Ann-Christin","Dahlberg","Götgatan","Säter"
"Pia","Hedlund","Hagagatan","Sävsjö"
"Maj","Sundberg","Hagagränd","Söderhamn"
"Felicia","Sjögren","Hallandsgatan","Söderköping"
"Ella","Ek","Hamburgsvägen","Södertälje"
"Mona","Blom","Hammarby Allé","Sölvesborg"
"Nathalie","Abrahamsson","Hammarby Fabriksväg","Tidaholm"
"Lisbeth","Martinsson","Hammarby Kaj","Torget"
"Ingrid","Öberg","Hammarby Kajväg","Torshälla"
"Sofia","Andreasson","Hammarby Slussväg","Tranås"
"Marianne","Strömberg","Hammarbyterrassen","Trelleborg"
"Lena","Månsson","Hammargatan","Trollhättan"
"Sara","Hansen","Hamngatan","Trosa"
"Helena","Åkesson","Hangövägen","Tumathorp"
"Kerstin","Dahl","Hantverkargatan","Uddevalla"
"Emma","Lindholm","Havregatan","Ulricehamn"
"Katarina","Norberg","Hazeliusbacken","Umeå"
"Johanna","Holmqvist","Hazeliusporten","Uppsala"
"Viktoria","Andersson","Hedbornsstigen","Vadstena"
"Inger","Johansson","Hedemoratäppan","Varberg"
"Cecilia","Karlsson","Hedinsgatan","Vaxholm"
"Susanne","Nilsson","Heimdalsgatan","Vetlanda"
"Elin","Eriksson","Heleneborgsgatan","Vimmerby"
"Monica","Larsson","Helga Lekamens Gränd","Visby"
"Therese","Olsson","Helgagatan","Vä"
"Jenny","Persson","Helgalunden","Vänersborg"
"Hanna","Svensson","Heliosgatan","Värnamo"
"Louise","Gustafsson","Herkulesgatan","Västervik"
"Anita","Pettersson","Hildebergsvägen","Västerås"
"Carina","Jonsson","Hjalmar Cederströms Gata","Växjö"
"Irene","Jansson","Hjalmar Söderbergs Väg","Ystad"
"Ann","Hansson","Hjärnegatan","Åhus"
"Ida","Bengtsson","Holländargatan","Åmål"
"Linda","Jönsson","Holmamiralens Torg","Älvsborg"
"Helen","Lindberg","Holmamiralens Väg","Ängelholm"
"Gunilla","Jakobsson","Hornsbruksgatan","Örebro"
"Ulla","Magnusson","Hornsgatan","Öregrund"
"Viola","Olofsson","Hornsgatspåfarten","Örnsköldsvik"
"Malin","Lindström","Hornskroken","Östersund"
"Annika","Lindqvist","Hornstulls Strand","Östhammar"
"Elsa","Lindgren","Hornsviksstigen","Alingsås"
"Ingegerd","Berg","Hovslagargatan","Arboga"
"Matilda","Axelsson","Hubertusgatan","Arvika"
"Josefin","Bergström","Hudiksvallsgatan","Askersund"
"Ulrika","Lundberg","Humlegårdsgatan","Avaskär"
"Sofie","Lind","Hunduddsvägen","Avesta"
"Anette","Lundgren","Hälsingegatan","Boden"
"Alice","Lundqvist","Hälsingehöjden","Bollnäs"
"Julia","Mattsson","Härdgången","Borgholm"
"Astrid","Berglund","Hästholmsvägen","Borlänge"
"Caroline","Fredriksson","Höga Stigen","Borås"
"Anneli","Sandberg","Högalids Kyrkväg","Broo"
"Emelie","Henriksson","Högalidsgatan","Brätte"
"Kristin","Forsberg","Högbergsbacken","Båstad"
"Barbro","Sjöberg","Högbergsgatan","Djursholm"
"Karolina","Ali","Högvaktsterrassen","Eksjö"
"Lisa","Wallin","Högviltsgatan","Elleholm"
"Amanda","Mohamed","Hökens Gata","Enköping"
"Åsa","Engström","Hötorget","Eskilstuna"
"Camilla","Eklund","Idaborgsvägen","Eslöv"
"Madeleine","Danielsson","Idungatan","Fagersta"
"Lovisa","Lundin","Igeldammsgatan","Falkenberg"
"Siv","Håkansson","Ignatiigränd","Falköping"
"Erika","Björk","Industrigatan","Falsterbo"
"Yvonne","Bergman","Inedalsgatan","Falun"
"Agneta","Gunnarsson","Ingemarsgatan","Filipstad"
"Maja","Holm","Ingenjörsvägen","Flen"
"Charlotte","Wikström","Ingmar Bergmans Gata","Getakärr"
"Rut","Samuelsson","Ivan Oljelunds Gränd","Gränna"
"Britt","Isaksson","Iversonsgatan","Gåsekil"
"Sandra","Fransson","Jakob Westinsgatan","Gävle"
"Rebecca","Bergqvist","Jakobs Torg","Göteborg"
"Gun","Nyström","Jakobsbergsgatan","Hagfors"
"Isabelle","Holmberg","Jakobsgatan","Halmstad"
"Alexandra","Arvidsson","Jaktvarvsplan","Haparanda"
"Frida","Löfgren","Jarlaplan","Hedemora"
"Ellinor","Söderberg","Johannes Plan","Helsingborg"
"Ebba","Nyberg","Johannesgatan","Hjo"
"Emilia","Blomqvist","Johannesgränd","Hudiksvall"
"Jessica","Claesson","John Bergs Plan","Huskvarna"
"Ellen","Nordström","John Ericssonsgatan","Härnösand"
"Berit","Ahmed","Josefinavägen","Hässleholm"
"Klara","Mårtensson","Jungfrugatan","Hästholmen"
"Olivia","Lundström","Jungmansgränd","Höganäs"
"Märta","Hassan","Junohällsvägen","Järle (Jerle)"
"Charlotta","Viklund","Jutas Backe","Jönköping"
"Ann-Marie","Björklund","Jägargatan","Kalmar"
"Agnes","Eliasson","Jägmästargatan","Karl Johans stad"
"Inga","Pålsson","Järntorget","Karlshamn"
"Sonja","Berggren","Järntorgsgatan","Karlskoga"
"Ann-Christin","Sandström","Kadettgatan","Karlskrona"
"Pia","Lund","Kaknäsvägen","Karlstad"
"Maj","Nordin","Kallskärsgatan","Katrineholm"
"Felicia","Ström","Kammakargatan","Kiruna"
"Ella","Åberg","Kampementsgatan","Kongahälla"
"Mona","Falk","Kanslikajen","Kramfors"
"Nathalie","Ekström","Kapellgränd","Kristianopel"
"Lisbeth","Hermansson","Kaplansbacken","Kristianstad"
"Maria","Holmgren","Kaptensgatan","Kristinehamn"
"Elisabeth","Hellström","Karaffgatan","Kumla"
"Anna","Dahlberg","Karduansmakargatan","Kungsbacka"
"Kristina","Hedlund","Karl Johans Torg","Kungälv"
"Margareta","Sundberg","Karl Xii:s Torg","Köping"
"Eva","Sjögren","Karlaplan","Laholm"
"Linnéa","Ek","Karlavägen","Landskrona"
"Karin","Blom","Karlbergsvägen","Lidingö"
"Birgitta","Abrahamsson","Karlshällsvägen","Lidköping"
"Marie","Martinsson","Karlsviksgatan","Lindesberg"
"Ingrid","Öberg","Kastellbacken","Linköping"
"Sofia","Andreasson","Kastellholmskajen","Ljungby"
"Marianne","Strömberg","Katarina Bangata","Lomma"
"Lena","Månsson","Katarina Kyrkobacke","Ludvika"
"Sara","Hansen","Katarina Västra Kyrkogata","Luleå"
"Helena","Åkesson","Katarina Östra Kyrkogårdsgränd","Lund"
"Kerstin","Dahl","Katarinavägen","Luntertun"
"Emma","Lindholm","Katrinebergsbacken","Lycksele"
"Katarina","Norberg","Katrinebergsvägen","Lyckå"
"Johanna","Holmqvist","Kattgränd","Lysekil"
"Viktoria","Andersson","Kindstugatan","Lödöse"
"Inger","Johansson","Klara Mälarstrand","Malmö"
"Cecilia","Karlsson","Klara Norra Kyrkogata","Mariefred"
"Susanne","Nilsson","Klara Strand","Mariestad"
"Elin","Eriksson","Klara Södra Kyrkogata","Marstrand"
"Monica","Larsson","Klara Tvärgränd","Mjölby"
"Therese","Olsson","Klara Vattugränd","Motala"
"Jenny","Persson","Klara Västra Kyrkogata","Mölndal"
"Hanna","Svensson","Klara Östra Kyrkogata","Mönsterås"
"Louise","Gustafsson","Klarabergsgatan","Nacka"
"Anita","Pettersson","Klarabergsviadukten","Nora"
"Carina","Jonsson","Klarafaret","Norrköping"
"Irene","Jansson","Klarastrandsleden","Norrtälje"
"Ann","Hansson","Klefbecks Backe","Nya Lidköping"
"Ida","Bengtsson","Klevgränd","Nya Lödöse"
"Linda","Jönsson","Klippgatan","Ny Varberg"
"Helen","Lindberg","Klockstapelsbacken","Nybro"
"Gunilla","Jakobsson","Klyvarvägen","Nyköping"
"Ulla","Magnusson","Knaperstavägen","Nynäshamn"
"Viola","Olofsson","Kocksgatan","Nässjö"
"Malin","Lindström","Kocksgränd","Oskarshamn"
"Annika","Lindqvist","Kolargatan","Oxelösund"
"Elsa","Lindgren","Kolmårdsgränd","Piteå"
"Ingegerd","Berg","Kommendörsgatan","Ronneby"
"Matilda","Axelsson","Konradsbergsgatan","Sala"
"Josefin","Bergström","Konvojgatan","Sandviken"
"Ulrika","Lundberg","Korgmakargränd","Sigtuna"
"Sofie","Lind","Kornhamnstorg","Simrishamn"
"Anette","Lundgren","Korphoppsgatan","Skanör"
"Alice","Lundqvist","Kristinebergs Slottsväg","Skanör med Falsterbo"
"Julia","Mattsson","Kristinebergs Strand","Skara"
"Astrid","Berglund","Kristinebergsvägen","Skellefteå"
"Caroline","Fredriksson","Kristinehovsgatan","Skänninge"
"Anneli","Sandberg","Kronobergsgatan","Skövde"
"Emelie","Henriksson","Krukmakarbacken","Sollefteå"
"Kristin","Forsberg","Krukmakargatan","Solna"
"Barbro","Sjöberg","Kryssargatan","Stockholm"
"Karolina","Ali","Kråkgränd","Strängnäs"
"Lisa","Wallin","Krångedevägen","Strömstad"
"Amanda","Mohamed","Kungsbro Strand","Stäket"
"Åsa","Engström","Kungsbron","Sundbyberg"
"Camilla","Eklund","Kungsbroplan","Sundsvall"
"Madeleine","Danielsson","Kungsgatan","Säffle"
"Lovisa","Lundin","Kungsholms Hamnplan","Säter"
"Siv","Håkansson","Kungsholms Kyrkoplan","Sävsjö"
"Erika","Björk","Kungsholms Strand","Söderhamn"
"Yvonne","Bergman","Kungsholms Strandstig","Söderköping"
"Agneta","Gunnarsson","Kungsholmsgatan","Södertälje"
"Maja","Holm","Kungsholmstorg","Sölvesborg"
"Charlotte","Wikström","Kungsklippan","Tidaholm"
"Rut","Samuelsson","Kungstensgatan","Torget"
"Britt","Isaksson","Kungsträdgårdsgatan","Torshälla"
"Sandra","Fransson","Kvarngatan","Tranås"
"Rebecca","Bergqvist","Kvastmakarbacken","Trelleborg"
"Gun","Nyström","Kvastmakartrappan","Trollhättan"
"Isabelle","Holmberg","Kyrkslingan","Trosa"
"Alexandra","Arvidsson","Kåkbrinken","Tumathorp"
"Frida","Löfgren","Källargränd","Uddevalla"
"Ellinor","Söderberg","Källbergsvägen","Ulricehamn"
"Ebba","Nyberg","Kölnagatan","Umeå"
"Emilia","Blomqvist","Köpmanbrinken","Uppsala"
"Jessica","Claesson","Köpmangatan","Vadstena"
"Ellen","Nordström","Köpmantorget","Varberg"
"Berit","Ahmed","Körsbärsvägen","Vaxholm"
"Klara","Mårtensson","Laboratoriegatan","Vetlanda"
"Olivia","Lundström","Laduviksvägen","Vimmerby"
"Märta","Hassan","Lagerlöfsgatan","Visby"
"Charlotta","Viklund","Lanforsvägen","Vä"
"Ann-Marie","Björklund","Lantmäteribacken","Vänersborg"
"Agnes","Eliasson","Lehusens Gränd","Värnamo"
"Inga","Pålsson","Lejonstedts Gränd","Västervik"
"Sonja","Berggren","Lennmans Trappgränd","Västerås"
"Ann-Christin","Sandström","Levertinsgatan","Växjö"
"Pia","Lund","Lidingövägen","Ystad"
"Maj","Nordin","Lidnersgatan","Åhus"
"Felicia","Ström","Lidnersplan","Åmål"
"Ella","Åberg","Lidovägen","Älvsborg"
"Mona","Falk","Lignagatan","Ängelholm"
"Nathalie","Ekström","Liljas Gata","Örebro"
"Lisbeth","Hermansson","Liljeholmsbron","Öregrund"
"Ingrid","Holmgren","Liljeholmsgränd","Örnsköldsvik"
"Sofia","Hellström","Liljeholmshamnen","Östersund"
"Marianne","Dahlberg","Liljeholmsstranden","Östhammar"
"Lena","Hedlund","Liljeholmstorget","Alingsås"
"Sara","Sundberg","Liljeholmsvägen","Arboga"
"Helena","Sjögren","Lill-Jans Plan","Arvika"
"Kerstin","Ek","Lilla Allmänna Gränd","Askersund"
"Emma","Blom","Lilla Bantorget","Avaskär"
"Katarina","Abrahamsson","Lilla Erstagatan","Avesta"
"Johanna","Martinsson","Lilla Hoparegränd","Boden"
"Viktoria","Öberg","Lilla Nygatan","Bollnäs"
"Inger","Andreasson","Lilla Skinnarviksgränd","Borgholm"
"Cecilia","Strömberg","Lilla Skuggans Väg","Borlänge"
"Susanne","Månsson","Lindarängsvägen","Borås"
"Elin","Hansen","Lindhagensgatan","Broo"
"Monica","Åkesson","Lindhagensplan","Brätte"
"Therese","Dahl","Lindstedtsvägen","Båstad"
"Jenny","Lindholm","Lindvallsgatan","Djursholm"
"Hanna","Norberg","Lindvallsplan","Eksjö"
"Louise","Holmqvist","Linnégatan","Elleholm"
"Anita","Andersson","Ljusslingan","Enköping"
"Carina","Johansson","Ljusstöparbacken","Eskilstuna"
"Irene","Karlsson","Ljustergränd","Eslöv"
"Ann","Nilsson","Ljusterögatan","Fagersta"
"Ida","Eriksson","Lodgatan","Falkenberg"
"Linda","Larsson","Lokstallsgatan","Falköping"
"Helen","Olsson","Lorensbergsgatan","Falsterbo"
"Gunilla","Persson","Lotsgatan","Falun"
"Ulla","Svensson","Louddsvägen","Filipstad"
"Viola","Gustafsson","Love Almqvists Väg","Flen"
"Malin","Pettersson","Lovisagatan","Getakärr"
"Annika","Jonsson","Lucidorsgatan","Gränna"
"Elsa","Jansson","Ludvigsbergsgatan","Gåsekil"
"Ingegerd","Hansson","Lugnets Allé","Gävle"
"Matilda","Bengtsson","Lumagatan","Göteborg"
"Josefin","Jönsson","Lumaparksvägen","Hagfors"
"Ulrika","Lindberg","Lundagatan","Halmstad"
"Sofie","Jakobsson","Luntmakargatan","Haparanda"
"Anette","Magnusson","Lustigkullavägen","Hedemora"
"Alice","Olofsson","Lusuddsvägen","Helsingborg"
"Julia","Lindström","Luthens Gränd","Hjo"
"Astrid","Lindqvist","Luxgatan","Hudiksvall"
"Caroline","Lindgren","Lützengatan","Huskvarna"
"Anneli","Berg","Långa Gatan","Härnösand"
"Emelie","Axelsson","Långa Raden","Hässleholm"
"Kristin","Bergström","Långholmsbacken","Hästholmen"
"Barbro","Lundberg","Långholmsgatan","Höganäs"
"Karolina","Lind","Långholmsmuren","Järle (Jerle)"
"Lisa","Lundgren","Lästmakargatan","Jönköping"
"Amanda","Lundqvist","Lögebodavägen","Kalmar"
"Åsa","Mattsson","Löjtnantsgatan","Karl Johans stad"
"Camilla","Berglund","Lövholmsbrinken","Karlshamn"
"Madeleine","Fredriksson","Lövholmsgränd","Karlskoga"
"Lovisa","Sandberg","Lövholmsvägen","Karlskrona"
"Siv","Henriksson","Magnus Ladulåsgatan","Karlstad"
"Erika","Forsberg","Mail Boxes Etc","Katrineholm"
"Yvonne","Sjöberg","Majorsgatan","Kiruna"
"Agneta","Ali","Malmgårdsvägen","Kongahälla"
"Maja","Wallin","Malmskillnadsgatan","Kramfors"
"Charlotte","Mohamed","Malmtorgsgatan","Kristianopel"
"Rut","Engström","Malmvägen","Kristianstad"
"Britt","Eklund","Maltgatan","Kristinehamn"
"Sandra","Danielsson","Manillavägen","Kumla"
"Rebecca","Lundin","Maria Bangata","Kungsbacka"
"Gun","Håkansson","Maria Prästgårdsgata","Kungälv"
"Isabelle","Björk","Maria Sandels Gränd","Köping"
"Alexandra","Bergman","Maria Skolgata","Laholm"
"Frida","Gunnarsson","Maria Trappgränd","Landskrona"
"Ellinor","Holm","Mariagränd","Lidingö"
"Ebba","Wikström","Mariatorget","Lidköping"
"Emilia","Samuelsson","Mariebergsavfarten","Lindesberg"
"Jessica","Isaksson","Marieviksgatan","Linköping"
"Ellen","Fransson","Markvardsgatan","Ljungby"
"Berit","Bergqvist","Marmorgatan","Lomma"
"Klara","Nyström","Maskinistgatan","Ludvika"
"Olivia","Holmberg","Matrosbacken","Luleå"
"Märta","Arvidsson","Medborgarplatsen","Lund"
"Charlotta","Löfgren","Mejerivägen","Luntertun"
"Ann-Marie","Söderberg","Mellangatan","Lycksele"
"Agnes","Nyberg","Messeniusgatan","Lyckå"
"Inga","Blomqvist","Metargatan","Lysekil"
"Sonja","Claesson","Midskeppsgatan","Lödöse"
"Ann-Christin","Nordström","Midskogsgränd","Malmö"
"Pia","Ahmed","Mitisgatan","Mariefred"
"Maj","Mårtensson","Mjärdgränd","Mariestad"
"Felicia","Lundström","Montebellogatan","Marstrand"
"Ella","Hassan","Mosebacke Torg","Mjölby"
"Mona","Viklund","Motalavägen","Motala"
"Nathalie","Björklund","Munkbrogatan","Mölndal"
"Lisbeth","Eliasson","Munkbrohamnen","Mönsterås"
"Maria","Pålsson","Munkbroleden","Nacka"
"Elisabeth","Berggren","Munkbron","Nora"
"Anna","Sandström","Museivägen","Norrköping"
"Kristina","Lund","Myntgatan","Norrtälje"
"Margareta","Nordin","Mynttorget","Nya Lidköping"
"Eva","Ström","Målargatan","Nya Lödöse"
"Linnéa","Åberg","Mårten Trotzigs Gränd","Ny Varberg"
"Karin","Falk","Mårtensdalsgatan","Nybro"
"Birgitta","Ekström","Mälartorget","Nyköping"
"Marie","Hermansson","Mälarvarvsbacken","Nynäshamn"
"Ingrid","Holmgren","Mäster Mikaels Gata","Nässjö"
"Sofia","Hellström","Mäster Pers Gränd","Oskarshamn"
"Marianne","Dahlberg","Mäster Samuelsgatan","Oxelösund"
"Lena","Hedlund","Möregatan","Piteå"
"Sara","Sundberg","Mörka Kroken","Ronneby"
"Helena","Sjögren","Mörtvikskroken","Sala"
"Kerstin","Ek","Nackagatan","Sandviken"
"Emma","Blom","Narvavägen","Sigtuna"
"Katarina","Abrahamsson","Nicandervägen","Simrishamn"
"Johanna","Martinsson","Nils Ericsons Plan","Skanör"
"Viktoria","Öberg","Nimrodsgatan","Skanör med Falsterbo"
"Inger","Andreasson","Nobelgatan","Skara"
"Cecilia","Strömberg","Noe Arksfaret","Skellefteå"
"Susanne","Månsson","Noe Arksgränden","Skänninge"
"Elin","Hansen","Nordenflychtsvägen","Skövde"
"Monica","Åkesson","Nordenskiöldsgatan","Sollefteå"
"Therese","Dahl","Norr Mälarstrand","Solna"
"Jenny","Lindholm","Norra Agnegatan","Stockholm"
"Hanna","Norberg","Norra Bankogränd","Strängnäs"
"Louise","Holmqvist","Norra Benickebrinken","Strömstad"
"Anita","Andersson","Norra Dryckesgränd","Stäket"
"Carina","Johansson","Norra Hamnvägen","Sundbyberg"
"Irene","Karlsson","Norra Kajvägen","Sundsvall"
"Ann","Nilsson","Norra Riddarholmshamnen","Säffle"
"Ida","Eriksson","Norra Stationsgatan","Säter"
"Linda","Larsson","Norrbackagatan","Sävsjö"
"Helen","Olsson","Norrbro","Söderhamn"
"Gunilla","Persson","Norrlandsgatan","Söderköping"
"Ulla","Svensson","Norrmalmstorg","Södertälje"
"Viola","Gustafsson","Norrskogsvägen","Sölvesborg"
"Malin","Pettersson","Norrtullsgatan","Tidaholm"
"Annika","Jonsson","Notvarpsgränd","Torget"
"Elsa","Jansson","Nybergsgatan","Torshälla"
"Ingegerd","Hansson","Nybodaringen","Tranås"
"Matilda","Bengtsson","Nybohovsbacken","Trelleborg"
"Josefin","Jönsson","Nybohovsgränd","Trollhättan"
"Ulrika","Lindberg","Nybrogatan","Trosa"
"Sofie","Jakobsson","Nybrohamnen","Tumathorp"
"Anette","Magnusson","Nybrokajen","Uddevalla"
"Alice","Olofsson","Nybroplan","Ulricehamn"
"Julia","Lindström","Nygränd","Umeå"
"Astrid","Lindqvist","Nytorget","Uppsala"
"Caroline","Lindgren","Nytorgsgatan","Vadstena"
"Anneli","Berg","Näckströmsgatan","Varberg"
"Emelie","Axelsson","Närkesgatan","Vaxholm"
"Kristin","Bergström","Nätgränd","Vetlanda"
"Barbro","Lundberg","Observatoriegatan","Vimmerby"
"Karolina","Lind","Odengatan","Visby"
"Lisa","Lundgren","Odenplan","Vä"
"Amanda","Lundqvist","Ola Hanssonsgatan","Vänersborg"
"Åsa","Mattsson","Olaus Petrigatan","Värnamo"
"Camilla","Berglund","Olof Dalins Väg","Västervik"
"Madeleine","Fredriksson","Olof Gjödingsgatan","Västerås"
"Lovisa","Sandberg","Olof Palmes Gata","Växjö"
"Siv","Henriksson","Olofsgatan","Ystad"
"Erika","Forsberg","Onkel Adams Väg","Åhus"
"Yvonne","Sjöberg","Ordenstrappan","Åmål"
"Agneta","Ali","Ormbergsvägen","Älvsborg"
"Maja","Wallin","Orvar Odds Väg","Ängelholm"
"Charlotte","Mohamed","Osquars Backe","Örebro"
"Rut","Engström","Osquldas Väg","Öregrund"
"Britt","Eklund","Oxenstiernsgatan","Örnsköldsvik"
"Sandra","Danielsson","Oxtorget","Östersund"
"Rebecca","Lundin","Oxtorgsgatan","Östhammar"
"Gun","Håkansson","Oxtorgsgränd","Alingsås"
"Isabelle","Björk","P O Hallmans Gata","Arboga"
"Alexandra","Bergman","Packhusgränd","Arvika"
"Frida","Gunnarsson","Palermogatan","Askersund"
"Ellinor","Holm","Palmbladsvägen","Avaskär"
"Ebba","Wikström","Parkgatan","Avesta"
"Emilia","Samuelsson","Parmmätargatan","Boden"
"Jessica","Isaksson","Patentgatan","Bollnäs"
"Ellen","Fransson","Pelikansgränd","Borgholm"
"Berit","Bergqvist","Peter Myndes Backe","Borlänge"
"Klara","Nyström","Pilgatan","Borås"
"Olivia","Holmberg","Pipersgatan","Broo"
"Märta","Arvidsson","Planterhagsvägen","Brätte"
"Charlotta","Löfgren","Ploggatan","Båstad"
"Ann-Marie","Söderberg","Pokalvägen","Djursholm"
"Agnes","Nyberg","Polhemsgatan","Eksjö"
"Inga","Blomqvist","Pontonjärgatan","Elleholm"
"Sonja","Claesson","Porjusvägen","Enköping"
"Ann-Christin","Nordström","Primusgatan","Eskilstuna"
"Pia","Ahmed","Prins Eugens Väg","Eslöv"
"Maj","Mårtensson","Prinsessan Ingeborgs Väg","Fagersta"
"Felicia","Lundström","Prinsessan Märtas Väg","Falkenberg"
"Ella","Hassan","Pryssgränd","Falköping"
"Mona","Viklund","Prästgatan","Falsterbo"
"Nathalie","Björklund","Pustegränd","Falun"
"Lisbeth","Eliasson","Pålsundsgatan","Filipstad"
"Ingrid","Pålsson","Pålsundsparken","Flen"
"Sofia","Berggren","Ragnar Östbergs Plan","Getakärr"
"Marianne","Sandström","Ragvaldsgatan","Gränna"
"Lena","Lund","Rapsgatan","Gåsekil"
"Sara","Nordin","Redargatan","Gävle"
"Helena","Ström","Regeringsgatan","Göteborg"
"Kerstin","Åberg","Rehnsgatan","Hagfors"
"Emma","Falk","Reimersholmsgatan","Halmstad"
"Katarina","Ekström","Renstiernas Gata","Haparanda"
"Johanna","Hermansson","Repslagargatan","Hedemora"
"Viktoria","Holmgren","Riddargatan","Helsingborg"
"Inger","Hellström","Riddarhusgränd","Hjo"
"Cecilia","Dahlberg","Riddarhuskajen","Hudiksvall"
"Susanne","Hedlund","Riddarhustorget","Huskvarna"
"Elin","Sundberg","Rigagatan","Härnösand"
"Monica","Sjögren","Riksgatan","Hässleholm"
"Therese","Ek","Rimbogatan","Hästholmen"
"Jenny","Blom","Rindögatan","Höganäs"
"Hanna","Abrahamsson","Ringvägen","Järle (Jerle)"
"Louise","Martinsson","Robert Almströmsgatan","Jönköping"
"Anita","Öberg","Roddargatan","Kalmar"
"Carina","Andreasson","Ropstensslingan","Karl Johans stad"
"Irene","Strömberg","Rorgängargatan","Karlshamn"
"Ann","Månsson","Rosenbad","Karlskoga"
"Ida","Hansen","Rosendalsterrassen","Karlskrona"
"Linda","Åkesson","Rosendalsvägen","Karlstad"
"Helen","Dahl","Rosengatan","Katrineholm"
"Gunilla","Lindholm","Rosenhillsvägen","Kiruna"
"Ulla","Norberg","Rosenlundsgatan","Kongahälla"
"Viola","Holmqvist","Roslagsgatan","Kramfors"
"Malin","Andersson","Roslagstullsbacken","Kristianopel"
"Annika","Johansson","Ruddammsbacken","Kristianstad"
"Elsa","Karlsson","Ruddammsvägen","Kristinehamn"
"Ingegerd","Nilsson","Runebergsgatan","Kumla"
"Matilda","Eriksson","Runiusgatan","Kungsbacka"
"Josefin","Larsson","Rutger Fuchsgatan","Kungälv"
"Ulrika","Olsson","Ryssviksvägen","Köping"
"Sofie","Persson","Rådjursstigen","Laholm"
"Anette","Svensson","Rådlösavägen","Landskrona"
"Alice","Gustafsson","Rådmansgatan","Lidingö"
"Julia","Pettersson","Råggatan","Lidköping"
"Astrid","Jonsson","Rålambsvägen","Lindesberg"
"Caroline","Jansson","Rävgrytsbacken","Linköping"
"Anneli","Hansson","Rödabergsbrinken","Ljungby"
"Emelie","Bengtsson","Rödabergsgatan","Lomma"
"Kristin","Jönsson","Rödbodgatan","Ludvika"
"Barbro","Lindberg","Rödbodtorget","Luleå"
"Karolina","Jakobsson","Rökubbsgatan","Lund"
"Lisa","Magnusson","Rörstrandsgatan","Luntertun"
"Amanda","Olofsson","Sachsgatan","Lycksele"
"Åsa","Lindström","Saltmätargatan","Lyckå"
"Camilla","Lindqvist","Salviigränd","Lysekil"
"Madeleine","Lindgren","Samaritgränd","Lödöse"
"Lovisa","Berg","Samuel Owens Gata","Malmö"
"Siv","Axelsson","Sandbacksgatan","Mariefred"
"Erika","Bergström","Sandelsgatan","Mariestad"
"Yvonne","Lundberg","Sandhamnsgatan","Marstrand"
"Agneta","Lind","Sandhamnsplan","Mjölby"
"Maja","Lundgren","Sandåsgatan","Motala"
"Charlotte","Lundqvist","Sankt Eriksgatan","Mölndal"
"Rut","Mattsson","Sankt Eriksplan","Mönsterås"
"Britt","Berglund","Sankt Eriksterrassen","Nacka"
"Sandra","Fredriksson","Sankt Göransgatan","Nora"
"Rebecca","Sandberg","Sankt Paulsgatan","Norrköping"
"Gun","Henriksson","Sannadalsvägen","Norrtälje"
"Isabelle","Forsberg","Scheelegatan","Nya Lidköping"
"Alexandra","Sjöberg","Scheffersgatan","Nya Lödöse"
"Frida","Ali","Schönfeldts Gränd","Ny Varberg"
"Ellinor","Wallin","Segelbåtsvägen","Nybro"
"Ebba","Mohamed","Seglatsgatan","Nyköping"
"Emilia","Engström","Sehlstedtsgatan","Nynäshamn"
"Jessica","Eklund","Separatorgränd","Nässjö"
"Ellen","Danielsson","Serafimergränd","Oskarshamn"
"Berit","Lundin","Sergelarkaden","Oxelösund"
"Klara","Håkansson","Sergelgatan","Piteå"
"Olivia","Björk","Sergelgången","Ronneby"
"Märta","Bergman","Sergels Torg","Sala"
"Charlotta","Gunnarsson","Siargatan","Sandviken"
"Ann-Marie","Holm","Sibyllegatan","Sigtuna"
"Agnes","Wikström","Sickla Kanalgata","Simrishamn"
"Inga","Samuelsson","Signalgränd","Skanör"
"Sonja","Isaksson","Sigtunagatan","Skanör med Falsterbo"
"Ann-Christin","Fransson","Singelbacken","Skara"
"Pia","Bergqvist","Sirishovsvägen","Skellefteå"
"Maj","Nyström","Sista Styverns Trappor","Skänninge"
"Felicia","Holmberg","Sjukhusbacken","Skövde"
"Ella","Arvidsson","Själagårdsgatan","Sollefteå"
"Mona","Löfgren","Sjöbjörnsvägen","Solna"
"Nathalie","Söderberg","Sjöfartsgatan","Stockholm"
"Lisbeth","Nyberg","Sjömansgränd","Strängnäs"
"Maria","Blomqvist","Sjöstugugränd","Strömstad"
"Elisabeth","Claesson","Sjötullsbacken","Stäket"
"Anna","Nordström","Sjöviksbacken","Sundbyberg"
"Kristina","Ahmed","Sjövikskajen","Sundsvall"
"Margareta","Mårtensson","Sjövikstorget","Säffle"
"Eva","Lundström","Sjöviksvägen","Säter"
"Linnéa","Hassan","Skansbacken","Sävsjö"
"Karin","Viklund","Skansbrogatan","Söderhamn"
"Birgitta","Björklund","Skansbron","Söderköping"
"Marie","Eliasson","Skaraborgsgatan","Södertälje"
"Ingrid","Pålsson","Skarpskyttestigen","Sölvesborg"
"Sofia","Berggren","Skarpögatan","Tidaholm"
"Marianne","Sandström","Skeppar Karls Gränd","Torget"
"Lena","Lund","Skeppar Olofs Gränd","Torshälla"
"Sara","Nordin","Skeppargatan","Tranås"
"Helena","Ström","Skeppargränd","Trelleborg"
"Kerstin","Åberg","Skeppsbrokajen","Trollhättan"
"Emma","Falk","Skeppsbron","Trosa"
"Katarina","Ekström","Skeppsmäklargatan","Tumathorp"
"Johanna","Hermansson","Skillinggränd","Uddevalla"
"Viktoria","Holmgren","Skinnarviksringen","Ulricehamn"
"Inger","Hellström","Skogsmarksvägen","Umeå"
"Cecilia","Dahlberg","Skogvaktargatan","Uppsala"
"Susanne","Hedlund","Skolgränd","Vadstena"
"Elin","Sundberg","Skomakargatan","Varberg"
"Monica","Sjögren","Skonertvägen","Vaxholm"
"Therese","Ek","Skottgränd","Vetlanda"
"Jenny","Blom","Skrubbasandsvägen","Vimmerby"
"Hanna","Abrahamsson","Skräddargränd","Visby"
"Louise","Martinsson","Skutskepparvägen","Vä"
"Anita","Öberg","Skånegatan","Vänersborg"
"Carina","Andreasson","Sköldgatan","Värnamo"
"Irene","Strömberg","Sköldungagatan","Västervik"
"Ann","Månsson","Slipgatan","Västerås"
"Ida","Hansen","Slottsbacken","Växjö"
"Linda","Åkesson","Slupskjulsvägen","Ystad"
"Helen","Dahl","Slussplan","Åhus"
"Gunilla","Lindholm","Slöjdgatan","Åmål"
"Ulla","Norberg","Smala Gränd","Älvsborg"
"Viola","Holmqvist","Smedsbacksgatan","Ängelholm"
"Malin","Andersson","Smedsuddsvägen","Örebro"
"Annika","Johansson","Smålandsgatan","Öregrund"
"Elsa","Karlsson","Snickarbacken","Örnsköldsvik"
"Ingegerd","Nilsson","Snipkroken","Östersund"
"Matilda","Eriksson","Snoilskyvägen","Östhammar"
"Josefin","Larsson","Sockerbruksgränd","Alingsås"
"Ulrika","Olsson","Sofiagatan","Arboga"
"Sofie","Persson","Sofiebergsvägen","Arvika"
"Anette","Svensson","Solgränd","Askersund"
"Alice","Gustafsson","Solkraftsvägen","Avaskär"
"Julia","Pettersson","Sollidsbacken","Avesta"
"Astrid","Jonsson","Spektens Gränd","Boden"
"Caroline","Jansson","Stadsgården","Bollnäs"
"Anneli","Hansson","Stadsgårdshamnen","Borgholm"
"Emelie","Bengtsson","Stadsgårdsleden","Borlänge"
"Kristin","Jönsson","Stadshagens Idrottsväg","Borås"
"Barbro","Lindberg","Stadshagsplan","Broo"
"Karolina","Jakobsson","Stadshagsvägen","Brätte"
"Lisa","Magnusson","Staffan Sasses Gränd","Båstad"
"Amanda","Olofsson","Stagneliusvägen","Djursholm"
"Åsa","Lindström","Stallgatan","Eksjö"
"Camilla","Lindqvist","Starrängsringen","Elleholm"
"Madeleine","Lindgren","Stenbocksgatan","Enköping"
"Lovisa","Berg","Stenkullavägen","Eskilstuna"
"Siv","Axelsson","Stenshällsvägen","Eslöv"
"Erika","Bergström","Stickelbärsvägen","Fagersta"
"Yvonne","Lundberg","Stiernhielmsvägen","Falkenberg"
"Agneta","Lind","Stigbergsgatan","Falköping"
"Maja","Lundgren","Stora Essingepåfarten","Falsterbo"
"Charlotte","Lundqvist","Stora Gråmunkegränd","Falun"
"Rut","Mattsson","Stora Hoparegränd","Filipstad"
"Britt","Berglund","Stora Mejtens Gränd","Flen"
"Sandra","Fredriksson","Stora Nygatan","Getakärr"
"Rebecca","Sandberg","Stora Skuggans Väg","Gränna"
"Gun","Henriksson","Storgatan","Gåsekil"
"Isabelle","Forsberg","Storkyrkobrinken","Gävle"
"Alexandra","Sjöberg","Storskärsgatan","Göteborg"
"Frida","Ali","Stortorget","Hagfors"
"Ellinor","Wallin","Storängskroken","Halmstad"
"Ebba","Mohamed","Storängsvägen","Haparanda"
"Emilia","Engström","Strandbergsgatan","Hedemora"
"Jessica","Eklund","Strandvägen","Helsingborg"
"Ellen","Danielsson","Strindbergsgatan","Hjo"
"Berit","Lundin","Strykerskevägen","Hudiksvall"
"Klara","Håkansson","Strålgatan","Huskvarna"
"Olivia","Björk","Strömgatan","Härnösand"
"Märta","Bergman","Strömparterren","Hässleholm"
"Charlotta","Gunnarsson","Strömsborgsbron","Hästholmen"
"Ann-Marie","Holm","Studentbacken","Höganäs"
"Agnes","Wikström","Sturegatan","Järle (Jerle)"
"Inga","Samuelsson","Stureparken","Jönköping"
"Sonja","Isaksson","Stureplan","Kalmar"
"Ann-Christin","Fransson","Styckjunkargatan","Karl Johans stad"
"Pia","Bergqvist","Styrbordsgatan","Karlshamn"
"Maj","Nyström","Styrmansgatan","Karlskoga"
"Felicia","Holmberg","Sundstabacken","Karlskrona"
"Ella","Arvidsson","Surbrunnsgatan","Karlstad"
"Mona","Löfgren","Svartensgatan","Katrineholm"
"Nathalie","Söderberg","Svartmangatan","Kiruna"
"Lisbeth","Nyberg","Svarvargatan","Kongahälla"
"Ingrid","Blomqvist","Sveavägen","Kramfors"
"Sofia","Claesson","Svedbergsplan","Kristianopel"
"Marianne","Nordström","Svedbergsstigen","Kristianstad"
"Lena","Ahmed","Sven Rinmans Gata","Kristinehamn"
"Sara","Mårtensson","Sven Vintappares Gränd","Kumla"
"Helena","Lundström","Svensksundsvägen","Kungsbacka"
"Kerstin","Hassan","Swedenborgsgatan","Kungälv"
"Emma","Viklund","Sysslomansgatan","Köping"
"Katarina","Björklund","Sågargatan","Laholm"
"Johanna","Eliasson","Sällskapsvägen","Landskrona"
"Viktoria","Pålsson","Sätertäppan","Lidingö"
"Inger","Berggren","Söder Mälarstrand","Lidköping"
"Cecilia","Sandström","Söder Mälarstrands Kajplatser","Lindesberg"
"Susanne","Lund","Södermalmsallén","Linköping"
"Elin","Nordin","Södermalmstorg","Ljungby"
"Monica","Ström","Södermannagatan","Lomma"
"Therese","Åberg","Södertäljevägen","Ludvika"
"Jenny","Falk","Södra Agnegatan","Luleå"
"Hanna","Ekström","Södra Bankogränd","Lund"
"Louise","Hermansson","Södra Bassängkajen","Luntertun"
"Anita","Holmgren","Södra Benickebrinken","Lycksele"
"Carina","Hellström","Södra Blasieholmshamnen","Lyckå"
"Irene","Dahlberg","Södra Brobänken","Lysekil"
"Ann","Hedlund","Södra Dryckesgränd","Lödöse"
"Ida","Sundberg","Södra Hamnvägen","Malmö"
"Linda","Sjögren","Södra Kajen","Mariefred"
"Helen","Ek","Södra Riddarholmshamnen","Mariestad"
"Gunilla","Blom","Tantogatan","Marstrand"
"Ulla","Abrahamsson","Taptogatan","Mjölby"
"Viola","Martinsson","Tavastgatan","Motala"
"Malin","Öberg","Teatergatan","Mölndal"
"Annika","Andreasson","Tegelbacken","Mönsterås"
"Elsa","Strömberg","Tegeluddsvägen","Nacka"
"Ingegerd","Månsson","Tegelviksgatan","Nora"
"Matilda","Hansen","Tegnérgatan","Norrköping"
"Josefin","Åkesson","Tegnérlunden","Norrtälje"
"Ulrika","Dahl","Teknikringen","Nya Lidköping"
"Sofie","Lindholm","Teknologgatan","Nya Lödöse"
"Anette","Norberg","Telegrafgränd","Ny Varberg"
"Alice","Holmqvist","Tempeltrappan","Nybro"
"Julia","Andersson","Tengdahlsgatan","Nyköping"
"Astrid","Johansson","Terminalslingan","Nynäshamn"
"Caroline","Karlsson","Textilgatan","Nässjö"
"Anneli","Nilsson","Thorildsplan","Oskarshamn"
"Emelie","Eriksson","Thorildsvägen","Oxelösund"
"Kristin","Larsson","Tideliusgatan","Piteå"
"Barbro","Olsson","Timmermansgatan","Ronneby"
"Karolina","Persson","Timmermansgränd","Sala"
"Lisa","Svensson","Timotejgatan","Sandviken"
"Amanda","Gustafsson","Tjurbergsgatan","Sigtuna"
"Åsa","Pettersson","Tjustgatan","Simrishamn"
"Camilla","Jonsson","Tjärhovsgatan","Skanör"
"Madeleine","Jansson","Tjärhovsplan","Skanör med Falsterbo"
"Lovisa","Hansson","Tobaksspinnargatan","Skara"
"Siv","Bengtsson","Tomtebogatan","Skellefteå"
"Erika","Jönsson","Torbjörn Klockares Gata","Skänninge"
"Yvonne","Lindberg","Torggatan","Skövde"
"Agneta","Jakobsson","Torkel Knutssonsgatan","Sollefteå"
"Maja","Magnusson","Torkhusgatan","Solna"
"Charlotte","Olofsson","Torsgatan","Stockholm"
"Rut","Lindström","Torsplan","Strängnäs"
"Britt","Lindqvist","Torstenssonsgatan","Strömstad"
"Sandra","Lindgren","Transportvägen","Stäket"
"Rebecca","Berg","Tre Liljor","Sundbyberg"
"Gun","Axelsson","Tredje Bassängvägen","Sundsvall"
"Isabelle","Bergström","Tredje Tvärvägen","Säffle"
"Alexandra","Lundberg","Trekantsvägen","Säter"
"Frida","Lind","Triewaldsgränd","Sävsjö"
"Ellinor","Lundgren","Trollhättevägen","Söderhamn"
"Ebba","Lundqvist","Tryckerigatan","Söderköping"
"Emilia","Mattsson","Trålgränd","Södertälje"
"Jessica","Berglund","Trångsund","Sölvesborg"
"Ellen","Fredriksson","Trädgårdsgatan","Tidaholm"
"Berit","Sandberg","Trädgårdstvärgränd","Torget"
"Klara","Henriksson","Tulegatan","Torshälla"
"Olivia","Forsberg","Tullgränd","Tranås"
"Märta","Sjöberg","Tullgårdsgatan","Trelleborg"
"Charlotta","Ali","Tullvaktsvägen","Trollhättan"
"Ann-Marie","Wallin","Tunnelgatan","Trosa"
"Agnes","Mohamed","Ture Nermans Gränd","Tumathorp"
"Inga","Engström","Tvätterskevägen","Uddevalla"
"Sonja","Eklund","Tyghusplan","Ulricehamn"
"Ann-Christin","Danielsson","Tyrgatan","Umeå"
"Pia","Lundin","Tyska Brinken","Uppsala"
"Maj","Håkansson","Tyska Brunnsplan","Vadstena"
"Felicia","Björk","Tyska Skolgränd","Varberg"
"Ella","Bergman","Tyska Stallplan","Vaxholm"
"Mona","Gunnarsson","Tyskbagargatan","Vetlanda"
"Nathalie","Holm","Tysta Gatan","Vimmerby"
"Lisbeth","Wikström","Tysta Marigången","Visby"
"Maria","Samuelsson","Uggelviksgatan","Vä"
"Elisabeth","Isaksson","Ugglegränd","Vänersborg"
"Anna","Fransson","Uggleviksvägen","Värnamo"
"Kristina","Bergqvist","Ulrikagatan","Västervik"
"Margareta","Nyström","Untravägen","Västerås"
"Eva","Holmberg","Upplagsvägen","Växjö"
"Linnéa","Arvidsson","Upplandsgatan","Ystad"
"Karin","Löfgren","Urvädersgränd","Åhus"
"Birgitta","Söderberg","Utkiksbacken","Åmål"
"Marie","Nyberg","Valhallavägen","Älvsborg"
"Ingrid","Blomqvist","Vanadislunden","Ängelholm"
"Sofia","Claesson","Vanadisplan","Örebro"
"Marianne","Nordström","Vanadisvägen","Öregrund"
"Lena","Ahmed","Varvsgatan","Örnsköldsvik"
"Sara","Mårtensson","Vasagatan","Östersund"
"Helena","Lundström","Vasaplan","Östhammar"
"Kerstin","Hassan","Vattenkraftsvägen","Alingsås"
"Emma","Viklund","Vattugatan","Arboga"
"Katarina","Björklund","Vegagatan","Arvika"
"Johanna","Eliasson","Verdandigatan","Askersund"
"Viktoria","Pålsson","Verkstadsgatan","Avaskär"
"Inger","Berggren","Vetegatan","Avesta"
"Cecilia","Sandström","Vickergatan","Boden"
"Susanne","Lund","Vidargatan","Bollnäs"
"Elin","Nordin","Vikingagatan","Borgholm"
"Monica","Ström","Villagatan","Borlänge"
"Therese","Åberg","Vindkraftsvägen","Borås"
"Jenny","Falk","Vindragarvägen","Broo"
"Hanna","Ekström","Vingårdsgatan","Brätte"
"Louise","Hermansson","Vinodlargatan","Båstad"
"Anita","Holmgren","Vintertullstorget","Djursholm"
"Carina","Hellström","Vinterviksvägen","Eksjö"
"Irene","Dahlberg","Virkesvägen","Elleholm"
"Ann","Hedlund","Vitalisvägen","Enköping"
"Ida","Sundberg","Vulcanusgatan","Eskilstuna"
"Linda","Sjögren","Vänskapsvägen","Eslöv"
"Helen","Ek","Väpnargatan","Fagersta"
"Gunilla","Blom","Värdshusbacken","Falkenberg"
"Ulla","Abrahamsson","Värdshusslingan","Falköping"
"Viola","Martinsson","Väringgatan","Falsterbo"
"Malin","Öberg","Värtans Stationsväg","Falun"
"Annika","Andreasson","Värtavägen","Filipstad"
"Elsa","Strömberg","Västerbroplan","Flen"
"Ingegerd","Månsson","Västerlånggatan","Getakärr"
"Matilda","Hansen","Västeråsgatan","Gränna"
"Josefin","Åkesson","Västgötagatan","Gåsekil"
"Ulrika","Dahl","Västgötagränd","Gävle"
"Sofie","Lindholm","Västmannagatan","Göteborg"
"Anette","Norberg","Västra Järnvägsgatan","Hagfors"
"Alice","Holmqvist","Västra Trädgårdsgatan","Halmstad"
"Julia","Andersson","Västra Vattugränd","Haparanda"
"Astrid","Johansson","Vävar Johans Gata","Hedemora"
"Caroline","Karlsson","Völundsgatan","Helsingborg"
"Anneli","Nilsson","Wahrendorffsgatan","Hjo"
"Emelie","Eriksson","Wallingatan","Hudiksvall"
"Kristin","Larsson","Warfvinges Väg","Huskvarna"
"Barbro","Olsson","Wargentinsgatan","Härnösand"
"Karolina","Persson","Welanders Väg","Hässleholm"
"Lisa","Svensson","Wennerbergsgatan","Hästholmen"
"Amanda","Gustafsson","Wenströmsvägen","Höganäs"
"Åsa","Pettersson","Wittstocksgatan","Järle (Jerle)"
"Camilla","Jonsson","Wivalliusgatan","Jönköping"
"Madeleine","Jansson","Wollmar Yxkullsgatan","Kalmar"
"Lovisa","Hansson","Ynglingagatan","Karl Johans stad"
"Siv","Bengtsson","Yttersta Tvärgränd","Karlshamn"
"Erika","Jönsson","Yxsmedsgränd","Karlskoga"
"Yvonne","Lindberg","Zinkens Väg","Karlskrona"
"Agneta","Jakobsson","Ångströmsgatan","Karlstad"
"Maja","Magnusson","Årsta Hamnväg","Katrineholm"
"Charlotte","Olofsson","Årsta Holmar","Kiruna"
"Rut","Lindström","Årsta Skolgränd","Kongahälla"
"Britt","Lindqvist","Årstaskogs Väg","Kramfors"
"Sandra","Lindgren","Årstaängsvägen","Kristianopel"
"Rebecca","Berg","Åsögatan","Kristianstad"
"Gun","Axelsson","Åsötorget","Kristinehamn"
"Isabelle","Bergström","Älvkarleövägen","Kumla"
"Alexandra","Lundberg","Älvsborgsgatan","Kungsbacka"
"Frida","Lind","Ängskärsgatan","Kungälv"
"Ellinor","Lundgren","Ölandsgatan","Köping"
"Ebba","Lundqvist","Öregrundsgatan","Laholm"
"Emilia","Mattsson","Örlogsvägen","Landskrona"
"Jessica","Berglund","Österlånggatan","Lidingö"
"Ellen","Fredriksson","Östermalmsgatan","Lidköping"
"Berit","Sandberg","Östermalmstorg","Lindesberg"
"Klara","Henriksson","Östgötagatan","Linköping"
"Olivia","Forsberg","Östhammarsgatan","Ljungby"
"Märta","Sjöberg","Östra Järnvägsgatan","Lomma"
"Charlotta","Ali","Östra Varvsgatan","Ludvika"
"Ann-Marie","Wallin","Östra Varvsgatans Gränd","Luleå"
"Agnes","Mohamed","Överskärargränd","Lund"
"","","",""
"","","",""
"","","",""
"","","",""
"","","",""
"","","",""
"","","",""
"","","",""
"","","",""
"","","",""
"","","",""
"","","",""
"","","",""
"","","",""
"","","",""
"","","",""
"","","",""
"","","",""
"","","",""
"","","",""
"","","",""
"","","",""
"","","",""
"","","",""
"","","",""
"","","",""
"","","",""
"","","",""
"","","",""
"","","",""
"","","",""
"","","",""
"","","",""
"","","",""
"","","",""
"","","",""
"","","",""
"","","",""
"","","",""
"","","",""
"","","",""
"","","",""
"","","",""
"","","",""
"","","",""
"","","",""
"","","",""
"","","",""
"","","",""
"","","",""
"","","",""
"","","",""
"","","",""
"","","",""
"","","",""
"","","",""
"","","",""
"","","",""
"","","",""
"","","",""
"","","",""
"","","",""
"","","",""
"","","",""
"","","",""
"","","",""
"","","",""
"","","",""
"","","",""
"","","",""
"","","",""
"","","",""
"","","",""
"","","",""
"","","",""
"","","",""
"","","",""
"","","",""
"","","",""
"","","",""
"","","",""
"","","",""
"","","",""
"","","",""
"","","",""
"","","",""
"","","",""
"","","",""
"","","",""
"","","",""
"","","",""
"","","",""
"","","",""
"","","",""
"","","",""
"","","",""
"","","",""
"","","",""
"","","",""
"","","",""
